J627,9173,9174
J336,9240,9241
J503,8203,
J806,9538,9539
J557,8874,8875
J575,8696,8697
J429,8927,8928
J415,9711,9712
J91,8607,
J483,9230,9231
J373,9788,
J226,9346,9347
J781,8870,8871
J693,8896,8897
J492,8602,8603
J766,8114,8115
J356,8453,8454
J803,8340,8341
J591,9017,9018
J375,8742,8743
J263,8991,8992
J332,9069,9070
J604,8957,8958
J615,8040,8041
J26,8282,8283
J239,8392,8393
J726,8618,8619
J402,8852,8853
J708,8598,8599
J100,9027,9028
J219,8310,8311
J32,8048,8049
J2,8110,8111
J387,8722,8723
J723,8728,8729
J622,9500,9501
J243,8292,8293
J12,8258,8259
J362,8935,8936
K813,,
K887,,
K94,,
K9,761,762
K875,2359,2360
K339,669,670
K397,795,796
K21,1711,1712
K346,1215,1216
K341,785,786
K354,966,967
K223,725,726
K186,1375,1376
K405,766,
K076,2131,2132
